{
  "latency_ms": 0.5209234999999923,
  "mean_ms": 0.5385054700000014,
  "std_ms": 0.07854090423867711,
  "min_ms": 0.4252519999999871,
  "max_ms": 1.0887620000000209,
  "n_runs": 100,
  "input_shape": [
    1,
    3,
    32,
    32
  ]
}