{
  "latency_ms_median": 0.5279014999999276,
  "latency_ms_p95": 0.6794590000001044,
  "latency_ms_mean": 0.5330902999999942,
  "latency_ms_stddev": 0.07771922329687268,
  "n_runs": 100,
  "warmup": 10,
  "onnx_path": "/Users/mozzie/Desktop/Projects/AgentHarness/projects/Deep-JSCC-PyTorch/runs/simple-nas-20260628_233602/variants/structural_3/model.onnx"
}