{"mean_ms": 19.7876812890172, "std_ms": 31.889808756735004, "min_ms": 3.1502582132816315, "max_ms": 84.46407318115234, "n_runs": 100}