{
  "latency_ms_median": 0.758443000000053,
  "latency_ms_p95": 0.9042190000001504,
  "latency_ms_mean": 0.7652273599999915,
  "latency_ms_stddev": 0.08808831052495883,
  "n_runs": 100,
  "warmup": 10,
  "onnx_path": "/Users/mozzie/Desktop/Projects/AgentHarness/projects/Deep-JSCC-PyTorch/runs/simple-nas-20260628_233602/variants/hyperparam_1/model.onnx"
}