{
  "latency_ms_median": 0.415217999999995,
  "latency_ms_p95": 0.5481380000000868,
  "latency_ms_mean": 0.43303353000000655,
  "latency_ms_stddev": 0.19046519945800053,
  "n_runs": 100,
  "warmup": 10,
  "onnx_path": "runs/simple-nas-20260628_233602/variants/structural_1/model.onnx",
  "input_schema": {
    "kind": "fallback",
    "input_names": [
      "input"
    ]
  }
}