{
  "latency_ms_median": 0.7114665000000076,
  "latency_ms_mean": 0.7049017199999973,
  "latency_ms_stddev": 0.11052534961565168,
  "n_runs": 100,
  "warmup": 10,
  "onnx_path": "runs/simple-nas-20260628_233602/variants/sota_5/model.onnx"
}